Workbook

Sheet CLAIMS RAW DATA
A1: Claim_ID | B1: Patient_ID | C1: HMO Provider | D1: Hospital Branch | E1: Service Type | F1: Diagnosis Code | G1: Claim Date | H1: Approval Date | I1: Claim Amount | J1: Approved Amount | K1: Claim Status | L1: Rejection Reason | M1: Provider_ID | N1: Turnaround Days
A2: CLM00014 | B2: P0014 | C2: Leadway | D2: Apapa Branch | E2: Laboratory Test | F2: R73.0 | G2: 45475 | H2: 45479 | I2: 406921 | J2: 0 | K2: Rejected | L2: Service Not Covered | M2: PR003
A3: CLM00064 | B3: P0064 | C3: Hygeia | D3: Yaba Branch | E3: Maternity | F3: O80 | G3: 45298 | H3: 45302 | I3: 289828 | J3: 289828 | K3: approved | M3: PR011
A4: CLM00100 | B4: P0100 | C4: Hygeia | D4: Yaba Branch | E4: Outpatient Consultation | F4: E11.9 | G4: 45596 | H4: 45600 | J4: 520219 | K4: Partially Approved | M4: PR004
A5: CLM00271 | B5: P0271 | C5: AXA Mansard | D5: Lekki Branch | E5: Surgery | F5: K35.8 | G5: 45497 | H5: 45508 | I5: 623936 | J5: 623936 | K5: APPROVED | M5: PR012
A6: CLM00204 | B6: P0204 | C6: Leadway | D6: Lekki Branch | E6: Outpatient Consultation | F6: I10 | G6: 45647 | H6: 45658 | I6: 773168 | J6: 525502 | K6: Partially Approved | M6: PR012
A7: CLM00118 | B7: P0118 | C7: Hygeia | D7: Lekki Branch | E7: Diagnostic Imaging | F7: M54.5 | G7: 45337 | H7: 45349 | I7: 396857 | J7: 0 | K7: Rejected | L7: Policy Expired | M7: PR006
A8: CLM00107 | B8: P0107 | C8: AXA Mansard | D8: Surulere Branch | E8: Inpatient Admission | F8: I50.9 | G8: 45417 | H8: 45436 | I8: 935117 | J8: 935117 | K8: approved | M8: PR002
A9: CLM00239 | B9: P0239 | C9: Leadway | D9: Ikeja Branch | E9: Outpatient Consultation | F9: I10 | G9: 45536 | H9: 45544 | I9: 287193 | J9: 287193 | K9: APPROVED | M9: PR014
A10: CLM00108 | B10: P0108 | C10: Leadway | D10: Yaba Branch | E10: Inpatient Admission | F10: J44.1 | G10: 45561 | H10: 45576 | I10: 693062 | J10: 693062 | K10: Approved | M10: PR002
A11: CLM00111 | B11: P0111 | C11: NHIS | D11: Ikeja Branch | E11: Outpatient Consultation | F11: E11.9 | G11: 45597 | H11: 45601 | I11: 374686 | J11: 0 | K11: Rejected | L11: Incomplete Documentation | M11: PR003
A12: CLM00198 | B12: P0198 | C12: NHIS | D12: Lekki Branch | E12: Pharmacy | F12: E11.9 | G12: 45507 | K12: Pending | M12: PR014
A13: CLM00116 | B13: P0116 | C13: Leadway | D13: Ikeja Branch | E13: Pharmacy | F13: I10 | G13: 45621 | H13: 45628 | I13: 432645 | J13: 432645 | K13: APPROVED | M13: PR007
A14: CLM00167 | B14: P0167 | C14: AXA Mansard | D14: Ikeja Branch | E14: Diagnostic Imaging | F14: R91.8 | G14: 45435 | H14: 45437 | J14: 494451 | K14: approved | M14: PR014
A15: CLM00129 | B15: P0129 | C15: Leadway | D15: Yaba Branch | E15: Pharmacy | F15: E11.9 | G15: 45643 | I15: 239868 | K15: Pending | M15: PR006
A16: CLM00203 | B16: P0203 | C16: NHIS | D16: Ikeja Branch | E16: Pharmacy | F16: E11.9 | G16: 45403 | H16: 45413 | I16: 143233 | J16: 76796 | K16: Partially Approved | M16: PR004
A17: CLM00110 | B17: P0110 | C17: Hygeia | D17: Apapa Branch | E17: Inpatient Admission | F17: I50.9 | G17: 45482 | H17: 45502 | I17: 478930 | J17: 478930 | K17: Approved | M17: PR013
A18: CLM00179 | B18: P0179 | C18: Hygeia | D18: Lekki Branch | E18: Pharmacy | F18: I10 | G18: 45473 | I18: 249648 | K18: Pending | M18: PR007
A19: CLM00147 | B19: P0147 | C19: AXA Mansard | D19: Lekki Branch | E19: Inpatient Admission | F19: J44.1 | G19: 45459 | H19: 45479 | I19: 352513 | J19: 352513 | K19: approved | M19: PR015
A20: CLM00175 | B20: P0175 | C20: Leadway | D20: Apapa Branch | E20: Pharmacy | F20: E11.9 | G20: 45606 | H20: 45615 | I20: 272721 | J20: 272721 | K20: Approved | M20: PR001
A21: CLM00040 | B21: P0040 | C21: Leadway | D21: Lekki Branch | E21: Diagnostic Imaging | F21: R91.8 | G21: 45495 | H21: 45504 | I21: 178703 | J21: 142057 | K21: Partially Approved | M21: PR007
A22: CLM00196 | B22: P0196 | C22: Leadway | D22: Apapa Branch | E22: Pharmacy | F22: E11.9 | G22: 45548 | H22: 45554 | I22: 649455 | J22: 316948 | K22: Partially Approved | M22: PR012
A23: CLM00159 | B23: P0159 | C23: Leadway | D23: Lekki Branch | E23: Outpatient Consultation | F23: E11.9 | G23: 45333 | H23: 45337 | I23: 596518 | J23: 596518 | K23: APPROVED | M23: PR006
A24: CLM00209 | B24: P0209 | C24: Hygeia | D24: Apapa Branch | E24: Laboratory Test | F24: Z00.0 | G24: 45369 | H24: 45379 | I24: 331588 | J24: 0 | K24: Rejected | L24: Duplicate Claim | M24: PR004
A25: CLM00195 | B25: P0195 | C25: NHIS | D25: Ikeja Branch | E25: Surgery | F25: K35.8 | G25: 45571 | H25: 45576 | J25: 0 | K25: Rejected | L25: Incomplete Documentation | M25: PR004
A26: CLM00237 | B26: P0237 | C26: Hygeia | D26: Lekki Branch | E26: Inpatient Admission | F26: I50.9 | G26: 45605 | H26: 45618 | I26: 666971 | J26: 0 | K26: Rejected | L26: Service Not Covered | M26: PR004
A27: CLM00136 | B27: P0136 | C27: NHIS | D27: Lekki Branch | E27: Inpatient Admission | F27: N18.6 | G27: 45607 | H27: 45616 | I27: 445976 | J27: 0 | K27: Rejected | L27: Pre-authorisation Missing | M27: PR003
A28: CLM00223 | B28: P0223 | C28: AXA Mansard | D28: Lekki Branch | E28: Outpatient Consultation | F28: I10 | G28: 45472 | H28: 45474 | I28: 37135 | J28: 37135 | K28: APPROVED | M28: PR009
A29: CLM00255 | B29: P0255 | C29: Hygeia | D29: Surulere Branch | E29: Maternity | F29: O82 | G29: 45432 | H29: 45450 | I29: 784369 | J29: 784369 | K29: Approved | M29: PR008
A30: CLM00217 | B30: P0217 | C30: Leadway | D30: Yaba Branch | E30: Pharmacy | F30: E11.9 | G30: 45482 | H30: 45484 | I30: 833593 | J30: 0 | K30: Rejected | L30: Service Not Covered | M30: PR001
A31: CLM00155 | B31: P0155 | C31: Hygeia | D31: Apapa Branch | E31: Surgery | F31: K35.8 | G31: 45608 | H31: 45615 | I31: 835385 | J31: 0 | K31: Rejected | L31: Incomplete Documentation | M31: PR013
A32: CLM00050 | B32: P0050 | C32: Hygeia | D32: Surulere Branch | E32: Maternity | F32: O82 | G32: 45644 | H32: 45651 | I32: 367351 | J32: 367351 | K32: Approved | M32: PR012
A33: CLM00170 | B33: P0170 | C33: AXA Mansard | D33: Ikeja Branch | E33: Surgery | F33: K35.8 | G33: 45452 | H33: 45466 | I33: 110620 | J33: 110620 | K33: APPROVED | M33: PR007
A34: CLM00005 | B34: P0005 | C34: NHIS | D34: Lekki Branch | E34: Outpatient Consultation | F34: E11.9 | G34: 45584 | H34: 45586 | I34: 398487 | J34: 0 | K34: Rejected | L34: Policy Expired | M34: PR010
A35: CLM00173 | B35: P0173 | C35: AXA Mansard | D35: Lekki Branch | E35: Diagnostic Imaging | F35: R91.8 | G35: 45557 | H35: 45575 | I35: 486973 | J35: 486973 | K35: APPROVED | M35: PR008
A36: CLM00006 | B36: P0006 | C36: NHIS | D36: Apapa Branch | E36: Inpatient Admission | F36: N18.6 | G36: 45640 | H36: 45659 | I36: 496218 | J36: 496218 | K36: approved | M36: PR006
A37: CLM00033 | B37: P0033 | C37: Hygeia | D37: Surulere Branch | E37: Diagnostic Imaging | F37: M54.5 | G37: 45548 | H37: 45565 | J37: 556936 | K37: Approved | M37: PR008
A38: CLM00241 | B38: P0241 | C38: Hygeia | D38: Ikeja Branch | E38: Outpatient Consultation | F38: I10 | G38: 45417 | I38: 915513 | K38: Pending | M38: PR013
A39: CLM00186 | B39: P0186 | C39: Hygeia | D39: Lekki Branch | E39: Surgery | F39: S72.0 | G39: 45563 | H39: 45567 | I39: 711834 | J39: 711834 | K39: approved | M39: PR005
A40: CLM00162 | B40: P0162 | C40: Hygeia | D40: Ikeja Branch | E40: Laboratory Test | F40: R73.0 | G40: 45559 | H40: 45577 | I40: 702262 | J40: 702262 | K40: approved | M40: PR003
A41: CLM00046 | B41: P0046 | C41: AXA Mansard | D41: Ikeja Branch | E41: Laboratory Test | F41: Z00.0 | G41: 45524 | H41: 45533 | I41: 446053 | J41: 446053 | K41: APPROVED | M41: PR001
A42: CLM00247 | B42: P0247 | C42: AXA Mansard | D42: Apapa Branch | E42: Surgery | F42: K35.8 | G42: 45376 | H42: 45390 | I42: 27407 | J42: 21070 | K42: Partially Approved | M42: PR010
A43: CLM00094 | B43: P0094 | C43: AXA Mansard | D43: Yaba Branch | E43: Inpatient Admission | F43: I50.9 | G43: 45626 | H43: 45637 | I43: 790561 | J43: 422007 | K43: Partially Approved | M43: PR007
A44: CLM00290 | B44: P0290 | C44: Hygeia | D44: Apapa Branch | E44: Inpatient Admission | F44: N18.6 | G44: 45603 | H44: 45607 | I44: 922767 | J44: 922767 | K44: Approved | M44: PR002
A45: CLM00032 | B45: P0032 | C45: Hygeia | D45: Apapa Branch | E45: Inpatient Admission | F45: J44.1 | G45: 45458 | H45: 45463 | I45: 882716 | J45: 882716 | K45: approved | M45: PR012
A46: CLM00235 | B46: P0235 | C46: Leadway | D46: Ikeja Branch | E46: Surgery | F46: S72.0 | G46: 45433 | H46: 45447 | I46: 152781 | J46: 0 | K46: Rejected | L46: Service Not Covered | M46: PR004
A47: CLM00252 | B47: P0252 | C47: NHIS | D47: Ikeja Branch | E47: Pharmacy | F47: I10 | G47: 45639 | H47: 45648 | I47: 666767 | J47: 0 | K47: Rejected | L47: Incomplete Documentation | M47: PR005
A48: CLM00034 | B48: P0034 | C48: AXA Mansard | D48: Apapa Branch | E48: Outpatient Consultation | F48: J45.0 | G48: 45380 | H48: 45384 | I48: 768420 | J48: 768420 | K48: APPROVED | M48: PR006
A49: CLM00133 | B49: P0133 | C49: Hygeia | D49: Surulere Branch | E49: Maternity | F49: O80 | G49: 45421 | H49: 45446 | I49: 668368 | J49: 486772 | K49: Partially Approved | M49: PR005
A50: CLM00182 | B50: P0182 | C50: Leadway | D50: Ikeja Branch | E50: Outpatient Consultation | F50: E11.9 | G50: 45458 | I50: 155221 | K50: Pending | M50: PR006
A51: CLM00294 | B51: P0294 | C51: Leadway | D51: Lekki Branch | E51: Laboratory Test | F51: Z00.0 | G51: 45307 | H51: 45319 | I51: 732517 | J51: 732517 | K51: APPROVED | M51: PR001
A52: CLM00060 | B52: P0060 | C52: AXA Mansard | D52: Yaba Branch | E52: Outpatient Consultation | F52: I10 | G52: 45523 | H52: 45524 | I52: 666261 | J52: 0 | K52: Rejected | L52: Policy Expired | M52: PR008
A53: CLM00169 | B53: P0169 | C53: Leadway | D53: Apapa Branch | E53: Maternity | F53: O82 | G53: 45409 | H53: 45424 | I53: 692180 | J53: 0 | K53: Rejected | L53: Policy Expired | M53: PR011
A54: CLM00276 | B54: P0276 | C54: NHIS | D54: Yaba Branch | E54: Surgery | F54: S72.0 | G54: 45592 | H54: 45598 | I54: 214202 | J54: 214202 | K54: Approved | M54: PR009
A55: CLM00132 | B55: P0132 | C55: AXA Mansard | D55: Yaba Branch | E55: Diagnostic Imaging | F55: M54.5 | G55: 45484 | H55: 45501 | I55: 128668 | J55: 128668 | K55: approved | M55: PR014
A56: CLM00141 | B56: P0141 | C56: AXA Mansard | D56: Ikeja Branch | E56: Outpatient Consultation | F56: J45.0 | G56: 45564 | H56: 45570 | I56: 257213 | J56: 257213 | K56: Approved | M56: PR013
A57: CLM00152 | B57: P0152 | C57: Hygeia | D57: Ikeja Branch | E57: Pharmacy | F57: I10 | G57: 45346 | H57: 45348 | J57: 125408 | K57: Approved | M57: PR014
A58: CLM00219 | B58: P0219 | C58: Hygeia | D58: Surulere Branch | E58: Outpatient Consultation | F58: I10 | G58: 45595 | I58: 145262 | K58: Pending | M58: PR001
A59: CLM00157 | B59: P0157 | C59: AXA Mansard | D59: Surulere Branch | E59: Outpatient Consultation | F59: E11.9 | G59: 45395 | H59: 45407 | I59: 12573 | J59: 12573 | K59: Approved | M59: PR008
A60: CLM00231 | B60: P0231 | C60: Hygeia | D60: Surulere Branch | E60: Outpatient Consultation | F60: I10 | G60: 45525 | H60: 45543 | I60: 127714 | J60: 48107 | K60: Partially Approved | M60: PR015
A61: CLM00017 | B61: P0017 | C61: NHIS | D61: Apapa Branch | E61: Surgery | F61: K35.8 | G61: 45496 | H61: 45509 | I61: 673100 | J61: 673100 | K61: approved | M61: PR002
A62: CLM00101 | B62: P0101 | C62: NHIS | D62: Surulere Branch | E62: Diagnostic Imaging | F62: M54.5 | G62: 45489 | I62: 458822 | K62: Pending | M62: PR003
A63: CLM00275 | B63: P0275 | C63: NHIS | D63: Ikeja Branch | E63: Diagnostic Imaging | F63: M54.5 | G63: 45297 | I63: 329640 | K63: Pending | M63: PR009
A64: CLM00150 | B64: P0150 | C64: NHIS | D64: Ikeja Branch | E64: Maternity | F64: O80 | G64: 45468 | H64: 45471 | I64: 742778 | J64: 233504 | K64: Partially Approved | M64: PR011
A65: CLM00283 | B65: P0283 | C65: AXA Mansard | D65: Surulere Branch | E65: Diagnostic Imaging | F65: R91.8 | G65: 45503 | H65: 45504 | I65: 515919 | J65: 515919 | K65: APPROVED | M65: PR004
A66: CLM00047 | B66: P0047 | C66: Hygeia | D66: Lekki Branch | E66: Outpatient Consultation | F66: J45.0 | G66: 45426 | H66: 45447 | I66: 335147 | J66: 335147 | K66: Approved | M66: PR013
A67: CLM00088 | B67: P0088 | C67: NHIS | D67: Yaba Branch | E67: Outpatient Consultation | F67: J45.0 | G67: 45391 | H67: 45405 | I67: 686605 | J67: 686605 | K67: APPROVED | M67: PR004
A68: CLM00079 | B68: P0079 | C68: AXA Mansard | D68: Ikeja Branch | E68: Diagnostic Imaging | F68: M54.5 | G68: 45488 | H68: 45501 | I68: 228206 | J68: 228206 | K68: APPROVED | M68: PR013
A69: CLM00298 | B69: P0298 | C69: Hygeia | D69: Yaba Branch | E69: Surgery | F69: K35.8 | G69: 45292 | H69: 45294 | I69: 308244 | J69: 308244 | K69: APPROVED | M69: PR010
A70: CLM00153 | B70: P0153 | C70: NHIS | D70: Ikeja Branch | E70: Pharmacy | F70: I10 | G70: 45536 | H70: 45557 | I70: 838437 | J70: 838437 | K70: Approved | M70: PR006
A71: CLM00058 | B71: P0058 | C71: NHIS | D71: Apapa Branch | E71: Diagnostic Imaging | F71: M54.5 | G71: 45650 | I71: 154074 | K71: Pending | M71: PR013
A72: CLM00238 | B72: P0238 | C72: NHIS | D72: Ikeja Branch | E72: Diagnostic Imaging | F72: M54.5 | G72: 45320 | H72: 45330 | I72: 359503 | J72: 359503 | K72: approved | M72: PR014
A73: CLM00025 | B73: P0025 | C73: Hygeia | D73: Surulere Branch | E73: Laboratory Test | F73: Z00.0 | G73: 45306 | I73: 503179 | K73: Pending | M73: PR012
A74: CLM00244 | B74: P0244 | C74: NHIS | D74: Ikeja Branch | E74: Outpatient Consultation | F74: E11.9 | G74: 45391 | H74: 45410 | I74: 675772 | J74: 675772 | K74: APPROVED | M74: PR004
A75: CLM00208 | B75: P0208 | C75: AXA Mansard | D75: Surulere Branch | E75: Surgery | F75: K35.8 | G75: 45523 | H75: 45535 | I75: 830738 | J75: 562729 | K75: Partially Approved | M75: PR001
A76: CLM00253 | B76: P0253 | C76: NHIS | D76: Apapa Branch | E76: Outpatient Consultation | F76: I10 | G76: 45413 | H76: 45426 | I76: 309489 | J76: 110339 | K76: Partially Approved | M76: PR002
A77: CLM00199 | B77: P0199 | C77: AXA Mansard | D77: Yaba Branch | E77: Maternity | F77: O82 | G77: 45446 | H77: 45447 | I77: 341947 | J77: 341947 | K77: Approved | M77: PR011
A78: CLM00018 | B78: P0018 | C78: AXA Mansard | D78: Surulere Branch | E78: Inpatient Admission | F78: I50.9 | G78: 45466 | H78: 45467 | I78: 115352 | J78: 0 | K78: Rejected | L78: Policy Expired | M78: PR002
A79: CLM00260 | B79: P0260 | C79: Hygeia | D79: Surulere Branch | E79: Pharmacy | F79: I10 | G79: 45473 | H79: 45482 | I79: 122550 | J79: 0 | K79: Rejected | L79: Service Not Covered | M79: PR011
A80: CLM00187 | B80: P0187 | C80: Leadway | D80: Lekki Branch | E80: Pharmacy | F80: E11.9 | G80: 45534 | H80: 45549 | I80: 515899 | J80: 515899 | K80: Approved | M80: PR012
A81: CLM00292 | B81: P0292 | C81: NHIS | D81: Lekki Branch | E81: Pharmacy | F81: E11.9 | G81: 45456 | H81: 45474 | I81: 79387 | J81: 79387 | K81: Approved | M81: PR013
A82: CLM00194 | B82: P0194 | C82: NHIS | D82: Surulere Branch | E82: Pharmacy | F82: E11.9 | G82: 45461 | H82: 45466 | I82: 321754 | J82: 321754 | K82: APPROVED | M82: PR011
A83: CLM00181 | B83: P0181 | C83: Hygeia | D83: Yaba Branch | E83: Surgery | F83: K35.8 | G83: 45511 | H83: 45522 | I83: 97570 | J83: 0 | K83: Rejected | L83: Pre-authorisation Missing | M83: PR005
A84: CLM00039 | B84: P0039 | C84: NHIS | D84: Yaba Branch | E84: Pharmacy | F84: E11.9 | G84: 45371 | H84: 45377 | I84: 682714 | J84: 430197 | K84: Partially Approved | M84: PR003
A85: CLM00089 | B85: P0089 | C85: NHIS | D85: Surulere Branch | E85: Laboratory Test | F85: Z00.0 | G85: 45544 | H85: 45558 | I85: 761225 | J85: 761225 | K85: approved | M85: PR007
A86: CLM00043 | B86: P0043 | C86: AXA Mansard | D86: Ikeja Branch | E86: Outpatient Consultation | F86: I10 | G86: 45431 | H86: 45436 | I86: 291583 | J86: 291583 | K86: Approved | M86: PR014
A87: CLM00040 | B87: P0040 | C87: Leadway | D87: Lekki Branch | E87: Diagnostic Imaging | F87: R91.8 | G87: 45495 | H87: 45504 | I87: 178703 | J87: 142057 | K87: Partially Approved | M87: PR007
A88: CLM00099 | B88: P0099 | C88: Hygeia | D88: Yaba Branch | E88: Laboratory Test | F88: R73.0 | G88: 45463 | H88: 45488 | I88: 654948 | J88: 210757 | K88: Partially Approved | M88: PR006
A89: CLM00172 | B89: P0172 | C89: AXA Mansard | D89: Yaba Branch | E89: Pharmacy | F89: E11.9 | G89: 45491 | K89: Pending | M89: PR009
A90: CLM00236 | B90: P0236 | C90: NHIS | D90: Lekki Branch | E90: Inpatient Admission | F90: J44.1 | G90: 45332 | I90: 940525 | K90: Pending | M90: PR008
A91: CLM00052 | B91: P0052 | C91: Hygeia | D91: Surulere Branch | E91: Inpatient Admission | F91: I50.9 | G91: 45335 | H91: 45349 | I91: 407383 | J91: 0 | K91: Rejected | L91: Policy Expired | M91: PR005
A92: CLM00020 | B92: P0020 | C92: Hygeia | D92: Surulere Branch | E92: Outpatient Consultation | F92: J45.0 | G92: 45541 | H92: 45552 | I92: 496625 | J92: 268275 | K92: Partially Approved | M92: PR002
A93: CLM00081 | B93: P0081 | C93: AXA Mansard | D93: Surulere Branch | E93: Surgery | F93: K35.8 | G93: 45513 | H93: 45515 | I93: 897909 | J93: 634973 | K93: Partially Approved | M93: PR007
A94: CLM00297 | B94: P0297 | C94: Leadway | D94: Ikeja Branch | E94: Maternity | F94: O82 | G94: 45614 | H94: 45624 | I94: 196399 | J94: 0 | K94: Rejected | L94: Service Not Covered | M94: PR012
A95: CLM00055 | B95: P0055 | C95: NHIS | D95: Surulere Branch | E95: Laboratory Test | F95: Z00.0 | G95: 45419 | H95: 45428 | I95: 103264 | J95: 103264 | K95: Approved | M95: PR003
A96: CLM00221 | B96: P0221 | C96: Leadway | D96: Ikeja Branch | E96: Pharmacy | F96: I10 | G96: 45353 | H96: 45358 | I96: 102326 | J96: 0 | K96: Rejected | L96: Pre-authorisation Missing | M96: PR011
A97: CLM00067 | B97: P0067 | C97: AXA Mansard | D97: Lekki Branch | E97: Outpatient Consultation | F97: E11.9 | G97: 45338 | H97: 45350 | I97: 282526 | J97: 282526 | K97: APPROVED | M97: PR014
A98: CLM00216 | B98: P0216 | C98: NHIS | D98: Yaba Branch | E98: Laboratory Test | F98: R73.0 | G98: 45498 | I98: 906577 | K98: Pending | M98: PR001
A99: CLM00274 | B99: P0274 | C99: AXA Mansard | D99: Surulere Branch | E99: Inpatient Admission | F99: I50.9 | G99: 45614 | H99: 45620 | I99: 119799 | J99: 0 | K99: Rejected | L99: Policy Expired | M99: PR011
A100: CLM00137 | B100: P0137 | C100: Leadway | D100: Lekki Branch | E100: Maternity | F100: O80 | G100: 45303 | H100: 45313 | I100: 380205 | J100: 380205 | K100: APPROVED | M100: PR006
...

Sheet CLEANED CLAIMS
A1: Claim_ID | B1: Patient_ID | C1: HMO Provider | D1: Hospital Branch | E1: Service Type | F1: Diagnosis Code | G1: Claim Date | H1: Approval Date | I1: Claim Amount | J1: Approved Amount | K1: Claim Status | L1: Rejection Reason | M1: Provider_ID | N1: Turnaround Days | P1: Claim Amount Flag
A2: CLM00014 | B2: P0014 | C2: Leadway | D2: Apapa Branch | E2: Laboratory Test | F2: R73.0 | G2: 45475 | H2: 45479 | I2: 406921 | J2: 0 | K2: Rejected | L2: Service Not Covered | M2: PR003 | N2: =IF(H2="","Pending",H2-G2) -> 4 | P2: =IF(I2 = "", "Missing", "Recorded") -> Recorded
A3: CLM00064 | B3: P0064 | C3: Hygeia | D3: Yaba Branch | E3: Maternity | F3: O80 | G3: 45298 | H3: 45302 | I3: 289828 | J3: 289828 | K3: Approved | M3: PR011 | N3: =IF(H3="","Pending",H3-G3) -> 4 | P3: =IF(I3 = "", "Missing", "Recorded") -> Recorded
A4: CLM00100 | B4: P0100 | C4: Hygeia | D4: Yaba Branch | E4: Outpatient Consultation | F4: E11.9 | G4: 45596 | H4: 45600 | J4: 520219 | K4: Partially Approved | M4: PR004 | N4: =IF(H4="","Pending",H4-G4) -> 4 | P4: =IF(I4 = "", "Missing", "Recorded") -> Missing
A5: CLM00271 | B5: P0271 | C5: AXA Mansard | D5: Lekki Branch | E5: Surgery | F5: K35.8 | G5: 45497 | H5: 45508 | I5: 623936 | J5: 623936 | K5: Approved | M5: PR012 | N5: =IF(H5="","Pending",H5-G5) -> 11 | P5: =IF(I5 = "", "Missing", "Recorded") -> Recorded
A6: CLM00204 | B6: P0204 | C6: Leadway | D6: Lekki Branch | E6: Outpatient Consultation | F6: I10 | G6: 45647 | H6: 45658 | I6: 773168 | J6: 525502 | K6: Partially Approved | M6: PR012 | N6: =IF(H6="","Pending",H6-G6) -> 11 | P6: =IF(I6 = "", "Missing", "Recorded") -> Recorded | R6: HMO Provider | S6: Rejected Count | T6: Total Claims | U6: Rejection Rate | V6: Rejection Reason | W6: count | Z6: Rejection Reason | AC6: Avg turnaround days | AE6: hospital branch | AF6: total Claim Value | AI6: service type | AJ6: avg claim amount
A7: CLM00118 | B7: P0118 | C7: Hygeia | D7: Lekki Branch | E7: Diagnostic Imaging | F7: M54.5 | G7: 45337 | H7: 45349 | I7: 396857 | J7: 0 | K7: Rejected | L7: Policy Expired | M7: PR006 | N7: =IF(H7="","Pending",H7-G7) -> 12 | P7: =IF(I7 = "", "Missing", "Recorded") -> Recorded | R7: NHIS | S7: =COUNTIFS($C$2:$C$301,R7,$K$2:$K$301,"Rejected") -> 17 | T7: =COUNTIF(C:C,R7) -> 98 | U7: =S7/T7*100 -> 17.346939 | V7: Duplicate Claim | W7: =COUNTIF(L:L,V7) -> 5 | Z7: Duplicate Claim | AA7: =COUNTIFS($C$2:$C$301,"Leadway",$L$2:$L$301,Z7) -> 0 | AC7: =AVERAGEIF($C$2:$C$301,R7,$N$2:$N$301) -> 11.287356 | AE7: Lekki Branch | AF7: =SUMIF($D$2:$D$301,AE7,$I$2:$I$301) -> 28818989 | AG7: =COUNTIFS($D$2:$D$301,AE7,$P$2:$P$301,"Missing") -> 5 | AI7: Laboratory Test | AJ7: =AVERAGEIF($E$2:$E$301,AI7,$I$2:$I$301) -> 549240.29
A8: CLM00107 | B8: P0107 | C8: AXA Mansard | D8: Surulere Branch | E8: Inpatient Admission | F8: I50.9 | G8: 45417 | H8: 45436 | I8: 935117 | J8: 935117 | K8: Approved | M8: PR002 | N8: =IF(H8="","Pending",H8-G8) -> 19 | P8: =IF(I8 = "", "Missing", "Recorded") -> Recorded | R8: AXA Mansard | S8: =COUNTIFS($C$2:$C$301,R8,$K$2:$K$301,"Rejected") -> 10 | T8: =COUNTIF(C:C,R8) -> 55 | U8: =S8/T8*100 -> 18.181818 | V8: Incomplete Documentation | W8: =COUNTIF(L:L,V8) -> 13 | Z8: Incomplete Documentation | AA8: =COUNTIFS($C$2:$C$301,"Leadway",$L$2:$L$301,Z8) -> 2 | AC8: =AVERAGEIF($C$2:$C$301,R8,$N$2:$N$301) -> 9.4117647 | AE8: Yaba Branch | AF8: =SUMIF($D$2:$D$301,AE8,$I$2:$I$301) -> 25611599 | AG8: =COUNTIFS($D$2:$D$301,AE8,$P$2:$P$301,"Missing") -> 4 | AI8: Maternity | AJ8: =AVERAGEIF($E$2:$E$301,AI8,$I$2:$I$301) -> 508253.41
A9: CLM00239 | B9: P0239 | C9: Leadway | D9: Ikeja Branch | E9: Outpatient Consultation | F9: I10 | G9: 45536 | H9: 45544 | I9: 287193 | J9: 287193 | K9: Approved | M9: PR014 | N9: =IF(H9="","Pending",H9-G9) -> 8 | P9: =IF(I9 = "", "Missing", "Recorded") -> Recorded | R9: Hygeia | S9: =COUNTIFS($C$2:$C$301,R9,$K$2:$K$301,"Rejected") -> 17 | T9: =COUNTIF(C:C,R9) -> 97 | U9: =S9/T9*100 -> 17.525773 | V9: Service Not Covered | W9: =COUNTIF(L:L,V9) -> 13 | Z9: Service Not Covered | AA9: =COUNTIFS($C$2:$C$301,"Leadway",$L$2:$L$301,Z9) -> 6 | AC9: =AVERAGEIF($C$2:$C$301,R9,$N$2:$N$301) -> 11.686747 | AE9: Apapa Branch | AF9: =SUMIF($D$2:$D$301,AE9,$I$2:$I$301) -> 21370061 | AG9: =COUNTIFS($D$2:$D$301,AE9,$P$2:$P$301,"Missing") -> 2 | AI9: Surgery | AJ9: =AVERAGEIF($E$2:$E$301,AI9,$I$2:$I$301) -> 445349.02
A10: CLM00108 | B10: P0108 | C10: Leadway | D10: Yaba Branch | E10: Inpatient Admission | F10: J44.1 | G10: 45561 | H10: 45576 | I10: 693062 | J10: 693062 | K10: Approved | M10: PR002 | N10: =IF(H10="","Pending",H10-G10) -> 15 | P10: =IF(I10 = "", "Missing", "Recorded") -> Recorded | R10: Leadway | S10: =COUNTIFS($C$2:$C$301,R10,$K$2:$K$301,"Rejected") -> 12 | T10: =COUNTIF(C:C,R10) -> 50 | U10: =S10/T10*100 -> 24 | V10: Pre-authorisation Missing | W10: =COUNTIF(L:L,V10) -> 12 | Z10: Pre-authorisation Missing | AA10: =COUNTIFS($C$2:$C$301,"Leadway",$L$2:$L$301,Z10) -> 1 | AC10: =AVERAGEIF($C$2:$C$301,R10,$N$2:$N$301) -> 9.4761905 | AE10: Ikeja Branch | AF10: =SUMIF($D$2:$D$301,AE10,$I$2:$I$301) -> 25648568 | AG10: =COUNTIFS($D$2:$D$301,AE10,$P$2:$P$301,"Missing") -> 5 | AI10: Outpatient Consultation | AJ10: =AVERAGEIF($E$2:$E$301,AI10,$I$2:$I$301) -> 417478.31
A11: CLM00111 | B11: P0111 | C11: NHIS | D11: Ikeja Branch | E11: Outpatient Consultation | F11: E11.9 | G11: 45597 | H11: 45601 | I11: 374686 | J11: 0 | K11: Rejected | L11: Incomplete Documentation | M11: PR003 | N11: =IF(H11="","Pending",H11-G11) -> 4 | P11: =IF(I11 = "", "Missing", "Recorded") -> Recorded | S11: =SUM(S7:S10) -> 56 | T11: =SUM(T7:T10) -> 300 | V11: Policy Expired | W11: =COUNTIF(L:L,V11) -> 13 | Z11: Policy Expired | AA11: =COUNTIFS($C$2:$C$301,"Leadway",$L$2:$L$301,Z11) -> 3 | AE11: Surulere Branch | AF11: =SUMIF($D$2:$D$301,AE11,$I$2:$I$301) -> 26118898 | AG11: =COUNTIFS($D$2:$D$301,AE11,$P$2:$P$301,"Missing") -> 4 | AI11: Diagnostic Imaging | AJ11: =AVERAGEIF($E$2:$E$301,AI11,$I$2:$I$301) -> 409417.78
A12: CLM00198 | B12: P0198 | C12: NHIS | D12: Lekki Branch | E12: Pharmacy | F12: E11.9 | G12: 45507 | K12: Pending | M12: PR014 | N12: =IF(H12="","Pending",H12-G12) -> Pending | P12: =IF(I12 = "", "Missing", "Recorded") -> Missing | W12: =SUM(W7:W11) -> 56 | AA12: =SUM(AA7:AA11) -> 12 | AF12: =SUM(AF7:AF11) -> 127568115 | AI12: Inpatient Admission | AJ12: =AVERAGEIF($E$2:$E$301,AI12,$I$2:$I$301) -> 451575.23
A13: CLM00116 | B13: P0116 | C13: Leadway | D13: Ikeja Branch | E13: Pharmacy | F13: I10 | G13: 45621 | H13: 45628 | I13: 432645 | J13: 432645 | K13: Approved | M13: PR007 | N13: =IF(H13="","Pending",H13-G13) -> 7 | P13: =IF(I13 = "", "Missing", "Recorded") -> Recorded | AI13: Pharmacy | AJ13: =AVERAGEIF($E$2:$E$301,AI13,$I$2:$I$301) -> 449372.89
A14: CLM00167 | B14: P0167 | C14: AXA Mansard | D14: Ikeja Branch | E14: Diagnostic Imaging | F14: R91.8 | G14: 45435 | H14: 45437 | J14: 494451 | K14: Approved | M14: PR014 | N14: =IF(H14="","Pending",H14-G14) -> 2 | P14: =IF(I14 = "", "Missing", "Recorded") -> Missing
A15: CLM00129 | B15: P0129 | C15: Leadway | D15: Yaba Branch | E15: Pharmacy | F15: E11.9 | G15: 45643 | I15: 239868 | K15: Pending | M15: PR006 | N15: =IF(H15="","Pending",H15-G15) -> Pending | P15: =IF(I15 = "", "Missing", "Recorded") -> Recorded
A16: CLM00203 | B16: P0203 | C16: NHIS | D16: Ikeja Branch | E16: Pharmacy | F16: E11.9 | G16: 45403 | H16: 45413 | I16: 143233 | J16: 76796 | K16: Partially Approved | M16: PR004 | N16: =IF(H16="","Pending",H16-G16) -> 10 | P16: =IF(I16 = "", "Missing", "Recorded") -> Recorded
A17: CLM00110 | B17: P0110 | C17: Hygeia | D17: Apapa Branch | E17: Inpatient Admission | F17: I50.9 | G17: 45482 | H17: 45502 | I17: 478930 | J17: 478930 | K17: Approved | M17: PR013 | N17: =IF(H17="","Pending",H17-G17) -> 20 | P17: =IF(I17 = "", "Missing", "Recorded") -> Recorded
A18: CLM00179 | B18: P0179 | C18: Hygeia | D18: Lekki Branch | E18: Pharmacy | F18: I10 | G18: 45473 | I18: 249648 | K18: Pending | M18: PR007 | N18: =IF(H18="","Pending",H18-G18) -> Pending | P18: =IF(I18 = "", "Missing", "Recorded") -> Recorded
A19: CLM00147 | B19: P0147 | C19: AXA Mansard | D19: Lekki Branch | E19: Inpatient Admission | F19: J44.1 | G19: 45459 | H19: 45479 | I19: 352513 | J19: 352513 | K19: Approved | M19: PR015 | N19: =IF(H19="","Pending",H19-G19) -> 20 | P19: =IF(I19 = "", "Missing", "Recorded") -> Recorded
A20: CLM00175 | B20: P0175 | C20: Leadway | D20: Apapa Branch | E20: Pharmacy | F20: E11.9 | G20: 45606 | H20: 45615 | I20: 272721 | J20: 272721 | K20: Approved | M20: PR001 | N20: =IF(H20="","Pending",H20-G20) -> 9 | P20: =IF(I20 = "", "Missing", "Recorded") -> Recorded
A21: CLM00040 | B21: P0040 | C21: Leadway | D21: Lekki Branch | E21: Diagnostic Imaging | F21: R91.8 | G21: 45495 | H21: 45504 | I21: 178703 | J21: 142057 | K21: Partially Approved | M21: PR007 | N21: =IF(H21="","Pending",H21-G21) -> 9 | P21: =IF(I21 = "", "Missing", "Recorded") -> Recorded
A22: CLM00196 | B22: P0196 | C22: Leadway | D22: Apapa Branch | E22: Pharmacy | F22: E11.9 | G22: 45548 | H22: 45554 | I22: 649455 | J22: 316948 | K22: Partially Approved | M22: PR012 | N22: =IF(H22="","Pending",H22-G22) -> 6 | P22: =IF(I22 = "", "Missing", "Recorded") -> Recorded
A23: CLM00159 | B23: P0159 | C23: Leadway | D23: Lekki Branch | E23: Outpatient Consultation | F23: E11.9 | G23: 45333 | H23: 45337 | I23: 596518 | J23: 596518 | K23: Approved | M23: PR006 | N23: =IF(H23="","Pending",H23-G23) -> 4 | P23: =IF(I23 = "", "Missing", "Recorded") -> Recorded
A24: CLM00209 | B24: P0209 | C24: Hygeia | D24: Apapa Branch | E24: Laboratory Test | F24: Z00.0 | G24: 45369 | H24: 45379 | I24: 331588 | J24: 0 | K24: Rejected | L24: Duplicate Claim | M24: PR004 | N24: =IF(H24="","Pending",H24-G24) -> 10 | P24: =IF(I24 = "", "Missing", "Recorded") -> Recorded
A25: CLM00195 | B25: P0195 | C25: NHIS | D25: Ikeja Branch | E25: Surgery | F25: K35.8 | G25: 45571 | H25: 45576 | J25: 0 | K25: Rejected | L25: Incomplete Documentation | M25: PR004 | N25: =IF(H25="","Pending",H25-G25) -> 5 | P25: =IF(I25 = "", "Missing", "Recorded") -> Missing
A26: CLM00237 | B26: P0237 | C26: Hygeia | D26: Lekki Branch | E26: Inpatient Admission | F26: I50.9 | G26: 45605 | H26: 45618 | I26: 666971 | J26: 0 | K26: Rejected | L26: Service Not Covered | M26: PR004 | N26: =IF(H26="","Pending",H26-G26) -> 13 | P26: =IF(I26 = "", "Missing", "Recorded") -> Recorded
A27: CLM00136 | B27: P0136 | C27: NHIS | D27: Lekki Branch | E27: Inpatient Admission | F27: N18.6 | G27: 45607 | H27: 45616 | I27: 445976 | J27: 0 | K27: Rejected | L27: Pre-authorisation Missing | M27: PR003 | N27: =IF(H27="","Pending",H27-G27) -> 9 | P27: =IF(I27 = "", "Missing", "Recorded") -> Recorded
A28: CLM00223 | B28: P0223 | C28: AXA Mansard | D28: Lekki Branch | E28: Outpatient Consultation | F28: I10 | G28: 45472 | H28: 45474 | I28: 37135 | J28: 37135 | K28: Approved | M28: PR009 | N28: =IF(H28="","Pending",H28-G28) -> 2 | P28: =IF(I28 = "", "Missing", "Recorded") -> Recorded
A29: CLM00255 | B29: P0255 | C29: Hygeia | D29: Surulere Branch | E29: Maternity | F29: O82 | G29: 45432 | H29: 45450 | I29: 784369 | J29: 784369 | K29: Approved | M29: PR008 | N29: =IF(H29="","Pending",H29-G29) -> 18 | P29: =IF(I29 = "", "Missing", "Recorded") -> Recorded
A30: CLM00217 | B30: P0217 | C30: Leadway | D30: Yaba Branch | E30: Pharmacy | F30: E11.9 | G30: 45482 | H30: 45484 | I30: 833593 | J30: 0 | K30: Rejected | L30: Service Not Covered | M30: PR001 | N30: =IF(H30="","Pending",H30-G30) -> 2 | P30: =IF(I30 = "", "Missing", "Recorded") -> Recorded
A31: CLM00155 | B31: P0155 | C31: Hygeia | D31: Apapa Branch | E31: Surgery | F31: K35.8 | G31: 45608 | H31: 45615 | I31: 835385 | J31: 0 | K31: Rejected | L31: Incomplete Documentation | M31: PR013 | N31: =IF(H31="","Pending",H31-G31) -> 7 | P31: =IF(I31 = "", "Missing", "Recorded") -> Recorded
A32: CLM00050 | B32: P0050 | C32: Hygeia | D32: Surulere Branch | E32: Maternity | F32: O82 | G32: 45644 | H32: 45651 | I32: 367351 | J32: 367351 | K32: Approved | M32: PR012 | N32: =IF(H32="","Pending",H32-G32) -> 7 | P32: =IF(I32 = "", "Missing", "Recorded") -> Recorded
A33: CLM00170 | B33: P0170 | C33: AXA Mansard | D33: Ikeja Branch | E33: Surgery | F33: K35.8 | G33: 45452 | H33: 45466 | I33: 110620 | J33: 110620 | K33: Approved | M33: PR007 | N33: =IF(H33="","Pending",H33-G33) -> 14 | P33: =IF(I33 = "", "Missing", "Recorded") -> Recorded
A34: CLM00005 | B34: P0005 | C34: NHIS | D34: Lekki Branch | E34: Outpatient Consultation | F34: E11.9 | G34: 45584 | H34: 45586 | I34: 398487 | J34: 0 | K34: Rejected | L34: Policy Expired | M34: PR010 | N34: =IF(H34="","Pending",H34-G34) -> 2 | P34: =IF(I34 = "", "Missing", "Recorded") -> Recorded
A35: CLM00173 | B35: P0173 | C35: AXA Mansard | D35: Lekki Branch | E35: Diagnostic Imaging | F35: R91.8 | G35: 45557 | H35: 45575 | I35: 486973 | J35: 486973 | K35: Approved | M35: PR008 | N35: =IF(H35="","Pending",H35-G35) -> 18 | P35: =IF(I35 = "", "Missing", "Recorded") -> Recorded
A36: CLM00006 | B36: P0006 | C36: NHIS | D36: Apapa Branch | E36: Inpatient Admission | F36: N18.6 | G36: 45640 | H36: 45659 | I36: 496218 | J36: 496218 | K36: Approved | M36: PR006 | N36: =IF(H36="","Pending",H36-G36) -> 19 | P36: =IF(I36 = "", "Missing", "Recorded") -> Recorded
A37: CLM00033 | B37: P0033 | C37: Hygeia | D37: Surulere Branch | E37: Diagnostic Imaging | F37: M54.5 | G37: 45548 | H37: 45565 | J37: 556936 | K37: Approved | M37: PR008 | N37: =IF(H37="","Pending",H37-G37) -> 17 | P37: =IF(I37 = "", "Missing", "Recorded") -> Missing
A38: CLM00241 | B38: P0241 | C38: Hygeia | D38: Ikeja Branch | E38: Outpatient Consultation | F38: I10 | G38: 45417 | I38: 915513 | K38: Pending | M38: PR013 | N38: =IF(H38="","Pending",H38-G38) -> Pending | P38: =IF(I38 = "", "Missing", "Recorded") -> Recorded
A39: CLM00186 | B39: P0186 | C39: Hygeia | D39: Lekki Branch | E39: Surgery | F39: S72.0 | G39: 45563 | H39: 45567 | I39: 711834 | J39: 711834 | K39: Approved | M39: PR005 | N39: =IF(H39="","Pending",H39-G39) -> 4 | P39: =IF(I39 = "", "Missing", "Recorded") -> Recorded
A40: CLM00162 | B40: P0162 | C40: Hygeia | D40: Ikeja Branch | E40: Laboratory Test | F40: R73.0 | G40: 45559 | H40: 45577 | I40: 702262 | J40: 702262 | K40: Approved | M40: PR003 | N40: =IF(H40="","Pending",H40-G40) -> 18 | P40: =IF(I40 = "", "Missing", "Recorded") -> Recorded
A41: CLM00046 | B41: P0046 | C41: AXA Mansard | D41: Ikeja Branch | E41: Laboratory Test | F41: Z00.0 | G41: 45524 | H41: 45533 | I41: 446053 | J41: 446053 | K41: Approved | M41: PR001 | N41: =IF(H41="","Pending",H41-G41) -> 9 | P41: =IF(I41 = "", "Missing", "Recorded") -> Recorded
A42: CLM00247 | B42: P0247 | C42: AXA Mansard | D42: Apapa Branch | E42: Surgery | F42: K35.8 | G42: 45376 | H42: 45390 | I42: 27407 | J42: 21070 | K42: Partially Approved | M42: PR010 | N42: =IF(H42="","Pending",H42-G42) -> 14 | P42: =IF(I42 = "", "Missing", "Recorded") -> Recorded
A43: CLM00094 | B43: P0094 | C43: AXA Mansard | D43: Yaba Branch | E43: Inpatient Admission | F43: I50.9 | G43: 45626 | H43: 45637 | I43: 790561 | J43: 422007 | K43: Partially Approved | M43: PR007 | N43: =IF(H43="","Pending",H43-G43) -> 11 | P43: =IF(I43 = "", "Missing", "Recorded") -> Recorded
A44: CLM00290 | B44: P0290 | C44: Hygeia | D44: Apapa Branch | E44: Inpatient Admission | F44: N18.6 | G44: 45603 | H44: 45607 | I44: 922767 | J44: 922767 | K44: Approved | M44: PR002 | N44: =IF(H44="","Pending",H44-G44) -> 4 | P44: =IF(I44 = "", "Missing", "Recorded") -> Recorded
A45: CLM00032 | B45: P0032 | C45: Hygeia | D45: Apapa Branch | E45: Inpatient Admission | F45: J44.1 | G45: 45458 | H45: 45463 | I45: 882716 | J45: 882716 | K45: Approved | M45: PR012 | N45: =IF(H45="","Pending",H45-G45) -> 5 | P45: =IF(I45 = "", "Missing", "Recorded") -> Recorded
A46: CLM00235 | B46: P0235 | C46: Leadway | D46: Ikeja Branch | E46: Surgery | F46: S72.0 | G46: 45433 | H46: 45447 | I46: 152781 | J46: 0 | K46: Rejected | L46: Service Not Covered | M46: PR004 | N46: =IF(H46="","Pending",H46-G46) -> 14 | P46: =IF(I46 = "", "Missing", "Recorded") -> Recorded
A47: CLM00252 | B47: P0252 | C47: NHIS | D47: Ikeja Branch | E47: Pharmacy | F47: I10 | G47: 45639 | H47: 45648 | I47: 666767 | J47: 0 | K47: Rejected | L47: Incomplete Documentation | M47: PR005 | N47: =IF(H47="","Pending",H47-G47) -> 9 | P47: =IF(I47 = "", "Missing", "Recorded") -> Recorded
A48: CLM00034 | B48: P0034 | C48: AXA Mansard | D48: Apapa Branch | E48: Outpatient Consultation | F48: J45.0 | G48: 45380 | H48: 45384 | I48: 768420 | J48: 768420 | K48: Approved | M48: PR006 | N48: =IF(H48="","Pending",H48-G48) -> 4 | P48: =IF(I48 = "", "Missing", "Recorded") -> Recorded
A49: CLM00133 | B49: P0133 | C49: Hygeia | D49: Surulere Branch | E49: Maternity | F49: O80 | G49: 45421 | H49: 45446 | I49: 668368 | J49: 486772 | K49: Partially Approved | M49: PR005 | N49: =IF(H49="","Pending",H49-G49) -> 25 | P49: =IF(I49 = "", "Missing", "Recorded") -> Recorded
A50: CLM00182 | B50: P0182 | C50: Leadway | D50: Ikeja Branch | E50: Outpatient Consultation | F50: E11.9 | G50: 45458 | I50: 155221 | K50: Pending | M50: PR006 | N50: =IF(H50="","Pending",H50-G50) -> Pending | P50: =IF(I50 = "", "Missing", "Recorded") -> Recorded
A51: CLM00294 | B51: P0294 | C51: Leadway | D51: Lekki Branch | E51: Laboratory Test | F51: Z00.0 | G51: 45307 | H51: 45319 | I51: 732517 | J51: 732517 | K51: Approved | M51: PR001 | N51: =IF(H51="","Pending",H51-G51) -> 12 | P51: =IF(I51 = "", "Missing", "Recorded") -> Recorded
A52: CLM00060 | B52: P0060 | C52: AXA Mansard | D52: Yaba Branch | E52: Outpatient Consultation | F52: I10 | G52: 45523 | H52: 45524 | I52: 666261 | J52: 0 | K52: Rejected | L52: Policy Expired | M52: PR008 | N52: =IF(H52="","Pending",H52-G52) -> 1 | P52: =IF(I52 = "", "Missing", "Recorded") -> Recorded
A53: CLM00169 | B53: P0169 | C53: Leadway | D53: Apapa Branch | E53: Maternity | F53: O82 | G53: 45409 | H53: 45424 | I53: 692180 | J53: 0 | K53: Rejected | L53: Policy Expired | M53: PR011 | N53: =IF(H53="","Pending",H53-G53) -> 15 | P53: =IF(I53 = "", "Missing", "Recorded") -> Recorded
A54: CLM00276 | B54: P0276 | C54: NHIS | D54: Yaba Branch | E54: Surgery | F54: S72.0 | G54: 45592 | H54: 45598 | I54: 214202 | J54: 214202 | K54: Approved | M54: PR009 | N54: =IF(H54="","Pending",H54-G54) -> 6 | P54: =IF(I54 = "", "Missing", "Recorded") -> Recorded
A55: CLM00132 | B55: P0132 | C55: AXA Mansard | D55: Yaba Branch | E55: Diagnostic Imaging | F55: M54.5 | G55: 45484 | H55: 45501 | I55: 128668 | J55: 128668 | K55: Approved | M55: PR014 | N55: =IF(H55="","Pending",H55-G55) -> 17 | P55: =IF(I55 = "", "Missing", "Recorded") -> Recorded
A56: CLM00141 | B56: P0141 | C56: AXA Mansard | D56: Ikeja Branch | E56: Outpatient Consultation | F56: J45.0 | G56: 45564 | H56: 45570 | I56: 257213 | J56: 257213 | K56: Approved | M56: PR013 | N56: =IF(H56="","Pending",H56-G56) -> 6 | P56: =IF(I56 = "", "Missing", "Recorded") -> Recorded
A57: CLM00152 | B57: P0152 | C57: Hygeia | D57: Ikeja Branch | E57: Pharmacy | F57: I10 | G57: 45346 | H57: 45348 | J57: 125408 | K57: Approved | M57: PR014 | N57: =IF(H57="","Pending",H57-G57) -> 2 | P57: =IF(I57 = "", "Missing", "Recorded") -> Missing
A58: CLM00219 | B58: P0219 | C58: Hygeia | D58: Surulere Branch | E58: Outpatient Consultation | F58: I10 | G58: 45595 | I58: 145262 | K58: Pending | M58: PR001 | N58: =IF(H58="","Pending",H58-G58) -> Pending | P58: =IF(I58 = "", "Missing", "Recorded") -> Recorded
A59: CLM00157 | B59: P0157 | C59: AXA Mansard | D59: Surulere Branch | E59: Outpatient Consultation | F59: E11.9 | G59: 45395 | H59: 45407 | I59: 12573 | J59: 12573 | K59: Approved | M59: PR008 | N59: =IF(H59="","Pending",H59-G59) -> 12 | P59: =IF(I59 = "", "Missing", "Recorded") -> Recorded
A60: CLM00231 | B60: P0231 | C60: Hygeia | D60: Surulere Branch | E60: Outpatient Consultation | F60: I10 | G60: 45525 | H60: 45543 | I60: 127714 | J60: 48107 | K60: Partially Approved | M60: PR015 | N60: =IF(H60="","Pending",H60-G60) -> 18 | P60: =IF(I60 = "", "Missing", "Recorded") -> Recorded
A61: CLM00017 | B61: P0017 | C61: NHIS | D61: Apapa Branch | E61: Surgery | F61: K35.8 | G61: 45496 | H61: 45509 | I61: 673100 | J61: 673100 | K61: Approved | M61: PR002 | N61: =IF(H61="","Pending",H61-G61) -> 13 | P61: =IF(I61 = "", "Missing", "Recorded") -> Recorded
A62: CLM00101 | B62: P0101 | C62: NHIS | D62: Surulere Branch | E62: Diagnostic Imaging | F62: M54.5 | G62: 45489 | I62: 458822 | K62: Pending | M62: PR003 | N62: =IF(H62="","Pending",H62-G62) -> Pending | P62: =IF(I62 = "", "Missing", "Recorded") -> Recorded
A63: CLM00275 | B63: P0275 | C63: NHIS | D63: Ikeja Branch | E63: Diagnostic Imaging | F63: M54.5 | G63: 45297 | I63: 329640 | K63: Pending | M63: PR009 | N63: =IF(H63="","Pending",H63-G63) -> Pending | P63: =IF(I63 = "", "Missing", "Recorded") -> Recorded
A64: CLM00150 | B64: P0150 | C64: NHIS | D64: Ikeja Branch | E64: Maternity | F64: O80 | G64: 45468 | H64: 45471 | I64: 742778 | J64: 233504 | K64: Partially Approved | M64: PR011 | N64: =IF(H64="","Pending",H64-G64) -> 3 | P64: =IF(I64 = "", "Missing", "Recorded") -> Recorded
A65: CLM00283 | B65: P0283 | C65: AXA Mansard | D65: Surulere Branch | E65: Diagnostic Imaging | F65: R91.8 | G65: 45503 | H65: 45504 | I65: 515919 | J65: 515919 | K65: Approved | M65: PR004 | N65: =IF(H65="","Pending",H65-G65) -> 1 | P65: =IF(I65 = "", "Missing", "Recorded") -> Recorded
A66: CLM00047 | B66: P0047 | C66: Hygeia | D66: Lekki Branch | E66: Outpatient Consultation | F66: J45.0 | G66: 45426 | H66: 45447 | I66: 335147 | J66: 335147 | K66: Approved | M66: PR013 | N66: =IF(H66="","Pending",H66-G66) -> 21 | P66: =IF(I66 = "", "Missing", "Recorded") -> Recorded
A67: CLM00088 | B67: P0088 | C67: NHIS | D67: Yaba Branch | E67: Outpatient Consultation | F67: J45.0 | G67: 45391 | H67: 45405 | I67: 686605 | J67: 686605 | K67: Approved | M67: PR004 | N67: =IF(H67="","Pending",H67-G67) -> 14 | P67: =IF(I67 = "", "Missing", "Recorded") -> Recorded
A68: CLM00079 | B68: P0079 | C68: AXA Mansard | D68: Ikeja Branch | E68: Diagnostic Imaging | F68: M54.5 | G68: 45488 | H68: 45501 | I68: 228206 | J68: 228206 | K68: Approved | M68: PR013 | N68: =IF(H68="","Pending",H68-G68) -> 13 | P68: =IF(I68 = "", "Missing", "Recorded") -> Recorded
A69: CLM00298 | B69: P0298 | C69: Hygeia | D69: Yaba Branch | E69: Surgery | F69: K35.8 | G69: 45292 | H69: 45294 | I69: 308244 | J69: 308244 | K69: Approved | M69: PR010 | N69: =IF(H69="","Pending",H69-G69) -> 2 | P69: =IF(I69 = "", "Missing", "Recorded") -> Recorded
A70: CLM00153 | B70: P0153 | C70: NHIS | D70: Ikeja Branch | E70: Pharmacy | F70: I10 | G70: 45536 | H70: 45557 | I70: 838437 | J70: 838437 | K70: Approved | M70: PR006 | N70: =IF(H70="","Pending",H70-G70) -> 21 | P70: =IF(I70 = "", "Missing", "Recorded") -> Recorded
A71: CLM00058 | B71: P0058 | C71: NHIS | D71: Apapa Branch | E71: Diagnostic Imaging | F71: M54.5 | G71: 45650 | I71: 154074 | K71: Pending | M71: PR013 | N71: =IF(H71="","Pending",H71-G71) -> Pending | P71: =IF(I71 = "", "Missing", "Recorded") -> Recorded
A72: CLM00238 | B72: P0238 | C72: NHIS | D72: Ikeja Branch | E72: Diagnostic Imaging | F72: M54.5 | G72: 45320 | H72: 45330 | I72: 359503 | J72: 359503 | K72: Approved | M72: PR014 | N72: =IF(H72="","Pending",H72-G72) -> 10 | P72: =IF(I72 = "", "Missing", "Recorded") -> Recorded
A73: CLM00025 | B73: P0025 | C73: Hygeia | D73: Surulere Branch | E73: Laboratory Test | F73: Z00.0 | G73: 45306 | I73: 503179 | K73: Pending | M73: PR012 | N73: =IF(H73="","Pending",H73-G73) -> Pending | P73: =IF(I73 = "", "Missing", "Recorded") -> Recorded
A74: CLM00244 | B74: P0244 | C74: NHIS | D74: Ikeja Branch | E74: Outpatient Consultation | F74: E11.9 | G74: 45391 | H74: 45410 | I74: 675772 | J74: 675772 | K74: Approved | M74: PR004 | N74: =IF(H74="","Pending",H74-G74) -> 19 | P74: =IF(I74 = "", "Missing", "Recorded") -> Recorded
A75: CLM00208 | B75: P0208 | C75: AXA Mansard | D75: Surulere Branch | E75: Surgery | F75: K35.8 | G75: 45523 | H75: 45535 | I75: 830738 | J75: 562729 | K75: Partially Approved | M75: PR001 | N75: =IF(H75="","Pending",H75-G75) -> 12 | P75: =IF(I75 = "", "Missing", "Recorded") -> Recorded
A76: CLM00253 | B76: P0253 | C76: NHIS | D76: Apapa Branch | E76: Outpatient Consultation | F76: I10 | G76: 45413 | H76: 45426 | I76: 309489 | J76: 110339 | K76: Partially Approved | M76: PR002 | N76: =IF(H76="","Pending",H76-G76) -> 13 | P76: =IF(I76 = "", "Missing", "Recorded") -> Recorded
A77: CLM00199 | B77: P0199 | C77: AXA Mansard | D77: Yaba Branch | E77: Maternity | F77: O82 | G77: 45446 | H77: 45447 | I77: 341947 | J77: 341947 | K77: Approved | M77: PR011 | N77: =IF(H77="","Pending",H77-G77) -> 1 | P77: =IF(I77 = "", "Missing", "Recorded") -> Recorded
A78: CLM00018 | B78: P0018 | C78: AXA Mansard | D78: Surulere Branch | E78: Inpatient Admission | F78: I50.9 | G78: 45466 | H78: 45467 | I78: 115352 | J78: 0 | K78: Rejected | L78: Policy Expired | M78: PR002 | N78: =IF(H78="","Pending",H78-G78) -> 1 | P78: =IF(I78 = "", "Missing", "Recorded") -> Recorded
A79: CLM00260 | B79: P0260 | C79: Hygeia | D79: Surulere Branch | E79: Pharmacy | F79: I10 | G79: 45473 | H79: 45482 | I79: 122550 | J79: 0 | K79: Rejected | L79: Service Not Covered | M79: PR011 | N79: =IF(H79="","Pending",H79-G79) -> 9 | P79: =IF(I79 = "", "Missing", "Recorded") -> Recorded
A80: CLM00187 | B80: P0187 | C80: Leadway | D80: Lekki Branch | E80: Pharmacy | F80: E11.9 | G80: 45534 | H80: 45549 | I80: 515899 | J80: 515899 | K80: Approved | M80: PR012 | N80: =IF(H80="","Pending",H80-G80) -> 15 | P80: =IF(I80 = "", "Missing", "Recorded") -> Recorded
A81: CLM00292 | B81: P0292 | C81: NHIS | D81: Lekki Branch | E81: Pharmacy | F81: E11.9 | G81: 45456 | H81: 45474 | I81: 79387 | J81: 79387 | K81: Approved | M81: PR013 | N81: =IF(H81="","Pending",H81-G81) -> 18 | P81: =IF(I81 = "", "Missing", "Recorded") -> Recorded
A82: CLM00194 | B82: P0194 | C82: NHIS | D82: Surulere Branch | E82: Pharmacy | F82: E11.9 | G82: 45461 | H82: 45466 | I82: 321754 | J82: 321754 | K82: Approved | M82: PR011 | N82: =IF(H82="","Pending",H82-G82) -> 5 | P82: =IF(I82 = "", "Missing", "Recorded") -> Recorded
A83: CLM00181 | B83: P0181 | C83: Hygeia | D83: Yaba Branch | E83: Surgery | F83: K35.8 | G83: 45511 | H83: 45522 | I83: 97570 | J83: 0 | K83: Rejected | L83: Pre-authorisation Missing | M83: PR005 | N83: =IF(H83="","Pending",H83-G83) -> 11 | P83: =IF(I83 = "", "Missing", "Recorded") -> Recorded
A84: CLM00039 | B84: P0039 | C84: NHIS | D84: Yaba Branch | E84: Pharmacy | F84: E11.9 | G84: 45371 | H84: 45377 | I84: 682714 | J84: 430197 | K84: Partially Approved | M84: PR003 | N84: =IF(H84="","Pending",H84-G84) -> 6 | P84: =IF(I84 = "", "Missing", "Recorded") -> Recorded
A85: CLM00089 | B85: P0089 | C85: NHIS | D85: Surulere Branch | E85: Laboratory Test | F85: Z00.0 | G85: 45544 | H85: 45558 | I85: 761225 | J85: 761225 | K85: Approved | M85: PR007 | N85: =IF(H85="","Pending",H85-G85) -> 14 | P85: =IF(I85 = "", "Missing", "Recorded") -> Recorded
A86: CLM00043 | B86: P0043 | C86: AXA Mansard | D86: Ikeja Branch | E86: Outpatient Consultation | F86: I10 | G86: 45431 | H86: 45436 | I86: 291583 | J86: 291583 | K86: Approved | M86: PR014 | N86: =IF(H86="","Pending",H86-G86) -> 5 | P86: =IF(I86 = "", "Missing", "Recorded") -> Recorded
A87: CLM00099 | B87: P0099 | C87: Hygeia | D87: Yaba Branch | E87: Laboratory Test | F87: R73.0 | G87: 45463 | H87: 45488 | I87: 654948 | J87: 210757 | K87: Partially Approved | M87: PR006 | N87: =IF(H87="","Pending",H87-G87) -> 25 | P87: =IF(I87 = "", "Missing", "Recorded") -> Recorded
A88: CLM00172 | B88: P0172 | C88: AXA Mansard | D88: Yaba Branch | E88: Pharmacy | F88: E11.9 | G88: 45491 | K88: Pending | M88: PR009 | N88: =IF(H88="","Pending",H88-G88) -> Pending | P88: =IF(I88 = "", "Missing", "Recorded") -> Missing
A89: CLM00236 | B89: P0236 | C89: NHIS | D89: Lekki Branch | E89: Inpatient Admission | F89: J44.1 | G89: 45332 | I89: 940525 | K89: Pending | M89: PR008 | N89: =IF(H89="","Pending",H89-G89) -> Pending | P89: =IF(I89 = "", "Missing", "Recorded") -> Recorded
A90: CLM00052 | B90: P0052 | C90: Hygeia | D90: Surulere Branch | E90: Inpatient Admission | F90: I50.9 | G90: 45335 | H90: 45349 | I90: 407383 | J90: 0 | K90: Rejected | L90: Policy Expired | M90: PR005 | N90: =IF(H90="","Pending",H90-G90) -> 14 | P90: =IF(I90 = "", "Missing", "Recorded") -> Recorded
A91: CLM00020 | B91: P0020 | C91: Hygeia | D91: Surulere Branch | E91: Outpatient Consultation | F91: J45.0 | G91: 45541 | H91: 45552 | I91: 496625 | J91: 268275 | K91: Partially Approved | M91: PR002 | N91: =IF(H91="","Pending",H91-G91) -> 11 | P91: =IF(I91 = "", "Missing", "Recorded") -> Recorded
A92: CLM00081 | B92: P0081 | C92: AXA Mansard | D92: Surulere Branch | E92: Surgery | F92: K35.8 | G92: 45513 | H92: 45515 | I92: 897909 | J92: 634973 | K92: Partially Approved | M92: PR007 | N92: =IF(H92="","Pending",H92-G92) -> 2 | P92: =IF(I92 = "", "Missing", "Recorded") -> Recorded
A93: CLM00297 | B93: P0297 | C93: Leadway | D93: Ikeja Branch | E93: Maternity | F93: O82 | G93: 45614 | H93: 45624 | I93: 196399 | J93: 0 | K93: Rejected | L93: Service Not Covered | M93: PR012 | N93: =IF(H93="","Pending",H93-G93) -> 10 | P93: =IF(I93 = "", "Missing", "Recorded") -> Recorded
A94: CLM00055 | B94: P0055 | C94: NHIS | D94: Surulere Branch | E94: Laboratory Test | F94: Z00.0 | G94: 45419 | H94: 45428 | I94: 103264 | J94: 103264 | K94: Approved | M94: PR003 | N94: =IF(H94="","Pending",H94-G94) -> 9 | P94: =IF(I94 = "", "Missing", "Recorded") -> Recorded
A95: CLM00221 | B95: P0221 | C95: Leadway | D95: Ikeja Branch | E95: Pharmacy | F95: I10 | G95: 45353 | H95: 45358 | I95: 102326 | J95: 0 | K95: Rejected | L95: Pre-authorisation Missing | M95: PR011 | N95: =IF(H95="","Pending",H95-G95) -> 5 | P95: =IF(I95 = "", "Missing", "Recorded") -> Recorded
A96: CLM00067 | B96: P0067 | C96: AXA Mansard | D96: Lekki Branch | E96: Outpatient Consultation | F96: E11.9 | G96: 45338 | H96: 45350 | I96: 282526 | J96: 282526 | K96: Approved | M96: PR014 | N96: =IF(H96="","Pending",H96-G96) -> 12 | P96: =IF(I96 = "", "Missing", "Recorded") -> Recorded
A97: CLM00216 | B97: P0216 | C97: NHIS | D97: Yaba Branch | E97: Laboratory Test | F97: R73.0 | G97: 45498 | I97: 906577 | K97: Pending | M97: PR001 | N97: =IF(H97="","Pending",H97-G97) -> Pending | P97: =IF(I97 = "", "Missing", "Recorded") -> Recorded
A98: CLM00274 | B98: P0274 | C98: AXA Mansard | D98: Surulere Branch | E98: Inpatient Admission | F98: I50.9 | G98: 45614 | H98: 45620 | I98: 119799 | J98: 0 | K98: Rejected | L98: Policy Expired | M98: PR011 | N98: =IF(H98="","Pending",H98-G98) -> 6 | P98: =IF(I98 = "", "Missing", "Recorded") -> Recorded
A99: CLM00137 | B99: P0137 | C99: Leadway | D99: Lekki Branch | E99: Maternity | F99: O80 | G99: 45303 | H99: 45313 | I99: 380205 | J99: 380205 | K99: Approved | M99: PR006 | N99: =IF(H99="","Pending",H99-G99) -> 10 | P99: =IF(I99 = "", "Missing", "Recorded") -> Recorded
A100: CLM00259 | B100: P0259 | C100: Hygeia | D100: Ikeja Branch | E100: Pharmacy | F100: E11.9 | G100: 45373 | H100: 45387 | I100: 643357 | J100: 0 | K100: Rejected | L100: Pre-authorisation Missing | M100: PR001 | N100: =IF(H100="","Pending",H100-G100) -> 14 | P100: =IF(I100 = "", "Missing", "Recorded") -> Recorded
...

Sheet BUSINESS QUESTIONS
A1: PROJECT 1 — Health Insurance Claims Analysis
A2: No step-by-step instructions this time. Clean the data, then answer every question below independently.
B4: DATA CLEANING
B5: 1. Identify and remove duplicate claims using Claim_ID.
B6: 2. Standardise Claim Status to exactly 4 categories: Approved, Rejected, Pending, Partially Approved.
B7: 3. Calculate Turnaround Days = Approval Date − Claim Date (leave blank where Approval Date is missing).
B8: 4. Flag claims with missing Claim Amount instead of deleting them.
B10: ANALYSIS QUESTIONS
B11: 5. What is the overall claim approval rate (Approved + Partially Approved ÷ Total)?
B12: 6. Which HMO provider has the highest rejection rate?
B13: 7. What is the most common rejection reason overall, and per HMO?
B14: 8. What is the average turnaround time (claim to approval) by HMO provider?
B15: 9. Which hospital branch submits the highest total claim value?
B16: 10. Which service type has the highest average claim amount?
... B28: Package this project for GitHub using the structure: README.md + raw_data.xlsx + cleaned_data.xlsx + dashboard screenshot.

Sheet pivot table 1
A3: Row Labels | B3: Sum of Claim Amount | C3: Sum of Approved Amount
A4: AXA Mansard | B4: 22529653 | C4: 16563407 | D4: =C4/B4*100 -> 73.518252
A5: Hygeia | B5: 39007046 | C5: 26404020 | D5: =C5/B5*100 -> 67.690386
A6: Leadway | B6: 20560132 | C6: 13245722 | D6: =C6/B6*100 -> 64.424304
A7: NHIS | B7: 45471284 | C7: 30441067 | D7: =C7/B7*100 -> 66.945695
A8: Grand Total | B8: 127568115 | C8: 86654216

Sheet pivot table 2
A3: Row Labels | B3: Count of Claim_ID
A4: Jan | B4: 28
A5: Feb | B5: 24
A6: Mar | B6: 22
A7: Apr | B7: 15
A8: May | B8: 28
A9: Jun | B9: 29
A10: Jul | B10: 36
A11: Aug | B11: 23
A12: Sep | B12: 26
A13: Oct | B13: 20
A14: Nov | B14: 25
A15: Dec | B15: 24
A16: Grand Total | B16: 300

Sheet DASHBOARD
B2: HMO Provider | C2: Approval Rate % | E2: Rejection Reason | F2: Count | H2: Row Labels | I2: Count of Claim_ID
B3: NHIS | C3: =(COUNTIFS('CLEANED CLAIMS'!$C$2:$C$301,B3,'CLEANED CLAIMS'!$K$2:$K$301,"Approved")+COUNTIFS('CLEANED CLAIMS'!$C$2:$C$301,B3,'CLEANED CLAIMS'!$K$2:$K$301,"Partially Approved"))/COUNTIF('CLEANED CLAIMS'!$C$2:$C$301,B3)*100 -> 71.428571 | E3: Duplicate Claim | F3: =COUNTIF('CLEANED CLAIMS'!$L$2:$L$301,E3) -> 5 | H3: Jan | I3: 28
B4: AXA Mansard | C4: =(COUNTIFS('CLEANED CLAIMS'!$C$2:$C$301,B4,'CLEANED CLAIMS'!$K$2:$K$301,"Approved")+COUNTIFS('CLEANED CLAIMS'!$C$2:$C$301,B4,'CLEANED CLAIMS'!$K$2:$K$301,"Partially Approved"))/COUNTIF('CLEANED CLAIMS'!$C$2:$C$301,B4)*100 -> 74.545455 | E4: Incomplete Documentation | F4: =COUNTIF('CLEANED CLAIMS'!$L$2:$L$301,E4) -> 13 | H4: Feb | I4: 24
B5: Hygeia | C5: =(COUNTIFS('CLEANED CLAIMS'!$C$2:$C$301,B5,'CLEANED CLAIMS'!$K$2:$K$301,"Approved")+COUNTIFS('CLEANED CLAIMS'!$C$2:$C$301,B5,'CLEANED CLAIMS'!$K$2:$K$301,"Partially Approved"))/COUNTIF('CLEANED CLAIMS'!$C$2:$C$301,B5)*100 -> 68.041237 | E5: Service Not Covered | F5: =COUNTIF('CLEANED CLAIMS'!$L$2:$L$301,E5) -> 13 | H5: Mar | I5: 22
B6: Leadway | C6: =(COUNTIFS('CLEANED CLAIMS'!$C$2:$C$301,B6,'CLEANED CLAIMS'!$K$2:$K$301,"Approved")+COUNTIFS('CLEANED CLAIMS'!$C$2:$C$301,B6,'CLEANED CLAIMS'!$K$2:$K$301,"Partially Approved"))/COUNTIF('CLEANED CLAIMS'!$C$2:$C$301,B6)*100 -> 60 | E6: Pre-authorisation Missing | F6: =COUNTIF('CLEANED CLAIMS'!$L$2:$L$301,E6) -> 12 | H6: Apr | I6: 15
E7: Policy Expired | F7: =COUNTIF('CLEANED CLAIMS'!$L$2:$L$301,E7) -> 13 | H7: May | I7: 28
H8: Jun | I8: 29
H9: Jul | I9: 36
H10: Aug | I10: 23
H11: Sep | I11: 26
H12: Oct | I12: 20
H13: Nov | I13: 25
H14: Dec | I14: 24
